2024-02-01 17:03:49 | INFO | Get models
2024-02-01 17:03:49 | INFO | (URL('http://localhost/api/models'), Headers({'host': 'localhost', 'x-real-ip': '172.19.0.1', 'x-forwarded-for': '172.19.0.1', 'x-forwarded-proto': 'http', 'connection': 'close', 'user-agent': 'python-requests/2.28.2', 'accept-encoding': 'gzip, deflate', 'accept': '*/*'}))
2024-02-01 17:03:49 | INFO | Get models
2024-02-01 17:03:49 | INFO | (URL('http://localhost/api/models?path_id=2'), Headers({'host': 'localhost', 'x-real-ip': '172.19.0.1', 'x-forwarded-for': '172.19.0.1', 'x-forwarded-proto': 'http', 'connection': 'close', 'user-agent': 'python-requests/2.28.2', 'accept-encoding': 'gzip, deflate', 'accept': '*/*'}))
2024-02-01 17:03:49 | INFO | (URL('http://localhost/api/upload-model'), Headers({'host': 'localhost', 'x-real-ip': '172.19.0.1', 'x-forwarded-for': '172.19.0.1', 'x-forwarded-proto': 'http', 'connection': 'close', 'content-length': '21970831', 'user-agent': 'python-requests/2.28.2', 'accept-encoding': 'gzip, deflate', 'accept': '*/*', 'authorization': 'Bearer eyJhbGciOiJIUzI1NiIsInR5cCI6IkpXVCJ9.eyJzdWIiOiIyNzMxM2EyYy1mNzkxLTRhMjMtOWRiZi0wOGM2OTRkODVhZTgiLCJhdWQiOlsiZmFzdGFwaS11c2VyczphdXRoIl0sImV4cCI6MTcwNjUyNjY2Mn0.kgxNNHlwO2B2BQuhdIFjbaSNNELnmskcvl2cZWBdLhw', 'content-type': 'multipart/form-data; boundary=6d9ad2c4db58d2b51c4b59d139ac44c1'}))
2024-02-01 17:03:49 | INFO | (URL('http://localhost/api/authenticated-route'), Headers({'host': 'localhost', 'x-real-ip': '172.19.0.1', 'x-forwarded-for': '172.19.0.1', 'x-forwarded-proto': 'http', 'connection': 'close', 'user-agent': 'python-requests/2.28.2', 'accept-encoding': 'gzip, deflate', 'accept': '*/*', 'authorization': 'Bearer eyJhbGciOiJIUzI1NiIsInR5cCI6IkpXVCJ9.eyJzdWIiOiIyNzMxM2EyYy1mNzkxLTRhMjMtOWRiZi0wOGM2OTRkODVhZTgiLCJhdWQiOlsiZmFzdGFwaS11c2VyczphdXRoIl0sImV4cCI6MTcwNjUyNjY2Mn0.kgxNNHlwO2B2BQuhdIFjbaSNNELnmskcvl2cZWBdLhw'}))
2024-02-01 17:06:52 | INFO | (URL('http://localhost/api/docs'), Headers({'host': 'localhost', 'x-real-ip': '172.19.0.1', 'x-forwarded-for': '172.19.0.1', 'x-forwarded-proto': 'http', 'connection': 'close', 'user-agent': 'Mozilla/5.0 (X11; Linux x86_64; rv:121.0) Gecko/20100101 Firefox/121.0', 'accept': 'text/html,application/xhtml+xml,application/xml;q=0.9,image/avif,image/webp,*/*;q=0.8', 'accept-language': 'uk-UA,uk;q=0.8,en-US;q=0.5,en;q=0.3', 'accept-encoding': 'gzip, deflate, br', 'cookie': 'pma_lang=uk', 'upgrade-insecure-requests': '1', 'sec-fetch-dest': 'document', 'sec-fetch-mode': 'navigate', 'sec-fetch-site': 'none', 'sec-fetch-user': '?1'}))
2024-02-01 17:06:52 | INFO | (URL('http://localhost/api/openapi.json'), Headers({'host': 'localhost', 'x-real-ip': '172.19.0.1', 'x-forwarded-for': '172.19.0.1', 'x-forwarded-proto': 'http', 'connection': 'close', 'user-agent': 'Mozilla/5.0 (X11; Linux x86_64; rv:121.0) Gecko/20100101 Firefox/121.0', 'accept': 'application/json,*/*', 'accept-language': 'uk-UA,uk;q=0.8,en-US;q=0.5,en;q=0.3', 'accept-encoding': 'gzip, deflate, br', 'referer': 'http://localhost:90/api/docs', 'cookie': 'pma_lang=uk', 'sec-fetch-dest': 'empty', 'sec-fetch-mode': 'cors', 'sec-fetch-site': 'same-origin'}))
2024-02-01 17:15:14 | INFO | (URL('http://localhost/api/auth/jwt/login'), Headers({'host': 'localhost', 'x-real-ip': '172.19.0.1', 'x-forwarded-for': '172.19.0.1', 'x-forwarded-proto': 'http', 'connection': 'close', 'content-length': '43', 'user-agent': 'python-requests/2.28.2', 'accept-encoding': 'gzip, deflate', 'accept': '*/*', 'content-type': 'application/x-www-form-urlencoded'}))
2024-02-01 17:19:35 | INFO | (URL('http://localhost/api/auth/jwt/login'), Headers({'host': 'localhost', 'x-real-ip': '172.19.0.1', 'x-forwarded-for': '172.19.0.1', 'x-forwarded-proto': 'http', 'connection': 'close', 'content-length': '43', 'user-agent': 'python-requests/2.28.2', 'accept-encoding': 'gzip, deflate', 'accept': '*/*', 'content-type': 'application/x-www-form-urlencoded'}))
2024-02-01 17:19:35 | INFO | Get models
2024-02-01 17:19:35 | INFO | (URL('http://localhost/api/models'), Headers({'host': 'localhost', 'x-real-ip': '172.19.0.1', 'x-forwarded-for': '172.19.0.1', 'x-forwarded-proto': 'http', 'connection': 'close', 'user-agent': 'python-requests/2.28.2', 'accept-encoding': 'gzip, deflate', 'accept': '*/*'}))
2024-02-01 17:19:35 | INFO | Get models
2024-02-01 17:19:35 | INFO | (URL('http://localhost/api/models?path_id=2'), Headers({'host': 'localhost', 'x-real-ip': '172.19.0.1', 'x-forwarded-for': '172.19.0.1', 'x-forwarded-proto': 'http', 'connection': 'close', 'user-agent': 'python-requests/2.28.2', 'accept-encoding': 'gzip, deflate', 'accept': '*/*'}))
2024-02-01 17:19:36 | INFO | (URL('http://localhost/api/upload-model'), Headers({'host': 'localhost', 'x-real-ip': '172.19.0.1', 'x-forwarded-for': '172.19.0.1', 'x-forwarded-proto': 'http', 'connection': 'close', 'content-length': '21970831', 'user-agent': 'python-requests/2.28.2', 'accept-encoding': 'gzip, deflate', 'accept': '*/*', 'authorization': 'Bearer', 'content-type': 'multipart/form-data; boundary=4800b287a76be58f79a6c0deb5278feb'}))
2024-02-01 17:19:36 | INFO | (URL('http://localhost/api/authenticated-route'), Headers({'host': 'localhost', 'x-real-ip': '172.19.0.1', 'x-forwarded-for': '172.19.0.1', 'x-forwarded-proto': 'http', 'connection': 'close', 'user-agent': 'python-requests/2.28.2', 'accept-encoding': 'gzip, deflate', 'accept': '*/*', 'authorization': 'Bearer'}))
2024-02-01 17:20:51 | INFO | (URL('http://localhost/api/auth/jwt/login'), Headers({'host': 'localhost', 'x-real-ip': '172.19.0.1', 'x-forwarded-for': '172.19.0.1', 'x-forwarded-proto': 'http', 'connection': 'close', 'content-length': '43', 'user-agent': 'python-requests/2.28.2', 'accept-encoding': 'gzip, deflate', 'accept': '*/*', 'content-type': 'application/x-www-form-urlencoded'}))
2024-02-01 17:20:51 | INFO | Get models
2024-02-01 17:20:51 | INFO | (URL('http://localhost/api/models'), Headers({'host': 'localhost', 'x-real-ip': '172.19.0.1', 'x-forwarded-for': '172.19.0.1', 'x-forwarded-proto': 'http', 'connection': 'close', 'user-agent': 'python-requests/2.28.2', 'accept-encoding': 'gzip, deflate', 'accept': '*/*'}))
2024-02-01 17:20:51 | INFO | Get models
2024-02-01 17:20:51 | INFO | (URL('http://localhost/api/models?path_id=2'), Headers({'host': 'localhost', 'x-real-ip': '172.19.0.1', 'x-forwarded-for': '172.19.0.1', 'x-forwarded-proto': 'http', 'connection': 'close', 'user-agent': 'python-requests/2.28.2', 'accept-encoding': 'gzip, deflate', 'accept': '*/*'}))
2024-02-01 17:20:51 | INFO | (URL('http://localhost/api/authenticated-route'), Headers({'host': 'localhost', 'x-real-ip': '172.19.0.1', 'x-forwarded-for': '172.19.0.1', 'x-forwarded-proto': 'http', 'connection': 'close', 'user-agent': 'python-requests/2.28.2', 'accept-encoding': 'gzip, deflate', 'accept': '*/*', 'authorization': 'Bearer'}))
2024-02-01 17:27:11 | INFO | (URL('http://localhost/api/auth/jwt/login'), Headers({'host': 'localhost', 'x-real-ip': '172.19.0.1', 'x-forwarded-for': '172.19.0.1', 'x-forwarded-proto': 'http', 'connection': 'close', 'content-length': '43', 'user-agent': 'python-requests/2.28.2', 'accept-encoding': 'gzip, deflate', 'accept': '*/*', 'content-type': 'application/x-www-form-urlencoded'}))
2024-02-01 17:27:11 | INFO | Get models
2024-02-01 17:27:11 | INFO | (URL('http://localhost/api/models'), Headers({'host': 'localhost', 'x-real-ip': '172.19.0.1', 'x-forwarded-for': '172.19.0.1', 'x-forwarded-proto': 'http', 'connection': 'close', 'user-agent': 'python-requests/2.28.2', 'accept-encoding': 'gzip, deflate', 'accept': '*/*'}))
2024-02-01 17:27:11 | INFO | Get models
2024-02-01 17:27:11 | INFO | (URL('http://localhost/api/models?path_id=2'), Headers({'host': 'localhost', 'x-real-ip': '172.19.0.1', 'x-forwarded-for': '172.19.0.1', 'x-forwarded-proto': 'http', 'connection': 'close', 'user-agent': 'python-requests/2.28.2', 'accept-encoding': 'gzip, deflate', 'accept': '*/*'}))
2024-02-01 17:27:11 | INFO | (URL('http://localhost/api/auth/jwt/login'), Headers({'host': 'localhost', 'x-real-ip': '172.19.0.1', 'x-forwarded-for': '172.19.0.1', 'x-forwarded-proto': 'http', 'connection': 'close', 'content-length': '43', 'user-agent': 'python-requests/2.28.2', 'accept-encoding': 'gzip, deflate', 'accept': '*/*', 'content-type': 'application/x-www-form-urlencoded'}))
2024-02-01 17:27:12 | INFO | (URL('http://localhost/api/upload-model'), Headers({'host': 'localhost', 'x-real-ip': '172.19.0.1', 'x-forwarded-for': '172.19.0.1', 'x-forwarded-proto': 'http', 'connection': 'close', 'content-length': '21970831', 'user-agent': 'python-requests/2.28.2', 'accept-encoding': 'gzip, deflate', 'accept': '*/*', 'authorization': 'Bearer <Response [200]>', 'content-type': 'multipart/form-data; boundary=0a8c3339a23a79a13fc38684a2ee7367'}))
2024-02-01 17:27:12 | INFO | (URL('http://localhost/api/auth/jwt/login'), Headers({'host': 'localhost', 'x-real-ip': '172.19.0.1', 'x-forwarded-for': '172.19.0.1', 'x-forwarded-proto': 'http', 'connection': 'close', 'content-length': '43', 'user-agent': 'python-requests/2.28.2', 'accept-encoding': 'gzip, deflate', 'accept': '*/*', 'content-type': 'application/x-www-form-urlencoded'}))
2024-02-01 17:27:12 | INFO | (URL('http://localhost/api/authenticated-route'), Headers({'host': 'localhost', 'x-real-ip': '172.19.0.1', 'x-forwarded-for': '172.19.0.1', 'x-forwarded-proto': 'http', 'connection': 'close', 'user-agent': 'python-requests/2.28.2', 'accept-encoding': 'gzip, deflate', 'accept': '*/*', 'authorization': 'Bearer <Response [200]>'}))
2024-02-01 17:28:45 | INFO | (URL('http://localhost/api/auth/jwt/login'), Headers({'host': 'localhost', 'x-real-ip': '172.19.0.1', 'x-forwarded-for': '172.19.0.1', 'x-forwarded-proto': 'http', 'connection': 'close', 'content-length': '43', 'user-agent': 'python-requests/2.28.2', 'accept-encoding': 'gzip, deflate', 'accept': '*/*', 'content-type': 'application/x-www-form-urlencoded'}))
2024-02-01 17:28:45 | INFO | (URL('http://localhost/api/authenticated-route'), Headers({'host': 'localhost', 'x-real-ip': '172.19.0.1', 'x-forwarded-for': '172.19.0.1', 'x-forwarded-proto': 'http', 'connection': 'close', 'user-agent': 'python-requests/2.28.2', 'accept-encoding': 'gzip, deflate', 'accept': '*/*', 'authorization': 'Bearer <Response [200]>'}))
2024-02-01 17:30:12 | INFO | (URL('http://localhost/api/auth/jwt/login'), Headers({'host': 'localhost', 'x-real-ip': '172.19.0.1', 'x-forwarded-for': '172.19.0.1', 'x-forwarded-proto': 'http', 'connection': 'close', 'content-length': '43', 'user-agent': 'python-requests/2.28.2', 'accept-encoding': 'gzip, deflate', 'accept': '*/*', 'content-type': 'application/x-www-form-urlencoded'}))
2024-02-01 17:30:12 | INFO | (URL('http://localhost/api/authenticated-route'), Headers({'host': 'localhost', 'x-real-ip': '172.19.0.1', 'x-forwarded-for': '172.19.0.1', 'x-forwarded-proto': 'http', 'connection': 'close', 'user-agent': 'python-requests/2.28.2', 'accept-encoding': 'gzip, deflate', 'accept': '*/*', 'authorization': 'Bearer b\'{"access_token":"eyJhbGciOiJIUzI1NiIsInR5cCI6IkpXVCJ9.eyJzdWIiOiIyNzMxM2EyYy1mNzkxLTRhMjMtOWRiZi0wOGM2OTRkODVhZTgiLCJhdWQiOlsiZmFzdGFwaS11c2VyczphdXRoIl19.cUlJhpVlZ3VxkW80YzyJtpgzcoHynyYbBJukjcNE60c","token_type":"bearer"}\''}))
2024-02-01 17:31:18 | INFO | (URL('http://localhost/api/auth/jwt/login'), Headers({'host': 'localhost', 'x-real-ip': '172.19.0.1', 'x-forwarded-for': '172.19.0.1', 'x-forwarded-proto': 'http', 'connection': 'close', 'content-length': '43', 'user-agent': 'python-requests/2.28.2', 'accept-encoding': 'gzip, deflate', 'accept': '*/*', 'content-type': 'application/x-www-form-urlencoded'}))
2024-02-01 17:31:18 | INFO | (URL('http://localhost/api/authenticated-route'), Headers({'host': 'localhost', 'x-real-ip': '172.19.0.1', 'x-forwarded-for': '172.19.0.1', 'x-forwarded-proto': 'http', 'connection': 'close', 'user-agent': 'python-requests/2.28.2', 'accept-encoding': 'gzip, deflate', 'accept': '*/*', 'authorization': 'Bearer {"access_token":"eyJhbGciOiJIUzI1NiIsInR5cCI6IkpXVCJ9.eyJzdWIiOiIyNzMxM2EyYy1mNzkxLTRhMjMtOWRiZi0wOGM2OTRkODVhZTgiLCJhdWQiOlsiZmFzdGFwaS11c2VyczphdXRoIl19.cUlJhpVlZ3VxkW80YzyJtpgzcoHynyYbBJukjcNE60c","token_type":"bearer"}'}))
2024-02-01 17:31:47 | INFO | (URL('http://localhost/api/auth/jwt/login'), Headers({'host': 'localhost', 'x-real-ip': '172.19.0.1', 'x-forwarded-for': '172.19.0.1', 'x-forwarded-proto': 'http', 'connection': 'close', 'content-length': '43', 'user-agent': 'python-requests/2.28.2', 'accept-encoding': 'gzip, deflate', 'accept': '*/*', 'content-type': 'application/x-www-form-urlencoded'}))
2024-02-01 17:32:03 | INFO | (URL('http://localhost/api/auth/jwt/login'), Headers({'host': 'localhost', 'x-real-ip': '172.19.0.1', 'x-forwarded-for': '172.19.0.1', 'x-forwarded-proto': 'http', 'connection': 'close', 'content-length': '43', 'user-agent': 'python-requests/2.28.2', 'accept-encoding': 'gzip, deflate', 'accept': '*/*', 'content-type': 'application/x-www-form-urlencoded'}))
2024-02-01 17:33:02 | INFO | (URL('http://localhost/api/auth/jwt/login'), Headers({'host': 'localhost', 'x-real-ip': '172.19.0.1', 'x-forwarded-for': '172.19.0.1', 'x-forwarded-proto': 'http', 'connection': 'close', 'content-length': '43', 'user-agent': 'python-requests/2.28.2', 'accept-encoding': 'gzip, deflate', 'accept': '*/*', 'content-type': 'application/x-www-form-urlencoded'}))
2024-02-01 17:33:02 | INFO | (URL('http://localhost/api/authenticated-route'), Headers({'host': 'localhost', 'x-real-ip': '172.19.0.1', 'x-forwarded-for': '172.19.0.1', 'x-forwarded-proto': 'http', 'connection': 'close', 'user-agent': 'python-requests/2.28.2', 'accept-encoding': 'gzip, deflate', 'accept': '*/*', 'authorization': 'Bearer b\'{"access_token":"eyJhbGciOiJIUzI1NiIsInR5cCI6IkpXVCJ9.eyJzdWIiOiIyNzMxM2EyYy1mNzkxLTRhMjMtOWRiZi0wOGM2OTRkODVhZTgiLCJhdWQiOlsiZmFzdGFwaS11c2VyczphdXRoIl19.cUlJhpVlZ3VxkW80YzyJtpgzcoHynyYbBJukjcNE60c","token_type":"bearer"}\''}))
2024-02-01 17:33:25 | INFO | (URL('http://localhost/api/auth/jwt/login'), Headers({'host': 'localhost', 'x-real-ip': '172.19.0.1', 'x-forwarded-for': '172.19.0.1', 'x-forwarded-proto': 'http', 'connection': 'close', 'content-length': '43', 'user-agent': 'python-requests/2.28.2', 'accept-encoding': 'gzip, deflate', 'accept': '*/*', 'content-type': 'application/x-www-form-urlencoded'}))
2024-02-01 17:34:10 | INFO | (URL('http://localhost/api/auth/jwt/login'), Headers({'host': 'localhost', 'x-real-ip': '172.19.0.1', 'x-forwarded-for': '172.19.0.1', 'x-forwarded-proto': 'http', 'connection': 'close', 'content-length': '43', 'user-agent': 'python-requests/2.28.2', 'accept-encoding': 'gzip, deflate', 'accept': '*/*', 'content-type': 'application/x-www-form-urlencoded'}))
2024-02-01 17:34:10 | INFO | (URL('http://localhost/api/authenticated-route'), Headers({'host': 'localhost', 'x-real-ip': '172.19.0.1', 'x-forwarded-for': '172.19.0.1', 'x-forwarded-proto': 'http', 'connection': 'close', 'user-agent': 'python-requests/2.28.2', 'accept-encoding': 'gzip, deflate', 'accept': '*/*', 'authorization': "Bearer {'access_token': 'eyJhbGciOiJIUzI1NiIsInR5cCI6IkpXVCJ9.eyJzdWIiOiIyNzMxM2EyYy1mNzkxLTRhMjMtOWRiZi0wOGM2OTRkODVhZTgiLCJhdWQiOlsiZmFzdGFwaS11c2VyczphdXRoIl19.cUlJhpVlZ3VxkW80YzyJtpgzcoHynyYbBJukjcNE60c', 'token_type': 'bearer'}"}))
2024-02-01 17:34:29 | INFO | (URL('http://localhost/api/auth/jwt/login'), Headers({'host': 'localhost', 'x-real-ip': '172.19.0.1', 'x-forwarded-for': '172.19.0.1', 'x-forwarded-proto': 'http', 'connection': 'close', 'content-length': '43', 'user-agent': 'python-requests/2.28.2', 'accept-encoding': 'gzip, deflate', 'accept': '*/*', 'content-type': 'application/x-www-form-urlencoded'}))
2024-02-01 17:35:51 | INFO | (URL('http://localhost/api/auth/jwt/login'), Headers({'host': 'localhost', 'x-real-ip': '172.19.0.1', 'x-forwarded-for': '172.19.0.1', 'x-forwarded-proto': 'http', 'connection': 'close', 'content-length': '43', 'user-agent': 'python-requests/2.28.2', 'accept-encoding': 'gzip, deflate', 'accept': '*/*', 'content-type': 'application/x-www-form-urlencoded'}))
2024-02-01 17:35:51 | INFO | (URL('http://localhost/api/authenticated-route'), Headers({'host': 'localhost', 'x-real-ip': '172.19.0.1', 'x-forwarded-for': '172.19.0.1', 'x-forwarded-proto': 'http', 'connection': 'close', 'user-agent': 'python-requests/2.28.2', 'accept-encoding': 'gzip, deflate', 'accept': '*/*', 'authorization': "Bearer {'access_token': 'eyJhbGciOiJIUzI1NiIsInR5cCI6IkpXVCJ9.eyJzdWIiOiIyNzMxM2EyYy1mNzkxLTRhMjMtOWRiZi0wOGM2OTRkODVhZTgiLCJhdWQiOlsiZmFzdGFwaS11c2VyczphdXRoIl19.cUlJhpVlZ3VxkW80YzyJtpgzcoHynyYbBJukjcNE60c', 'token_type': 'bearer'}"}))
2024-02-01 17:36:19 | INFO | (URL('http://localhost/api/auth/jwt/login'), Headers({'host': 'localhost', 'x-real-ip': '172.19.0.1', 'x-forwarded-for': '172.19.0.1', 'x-forwarded-proto': 'http', 'connection': 'close', 'content-length': '43', 'user-agent': 'python-requests/2.28.2', 'accept-encoding': 'gzip, deflate', 'accept': '*/*', 'content-type': 'application/x-www-form-urlencoded'}))
2024-02-01 17:40:25 | INFO | (URL('http://localhost/api/auth/jwt/login'), Headers({'host': 'localhost', 'x-real-ip': '172.19.0.1', 'x-forwarded-for': '172.19.0.1', 'x-forwarded-proto': 'http', 'connection': 'close', 'content-length': '43', 'user-agent': 'python-requests/2.28.2', 'accept-encoding': 'gzip, deflate', 'accept': '*/*', 'content-type': 'application/x-www-form-urlencoded'}))
2024-02-01 17:40:25 | INFO | (URL('http://localhost/api/authenticated-route'), Headers({'host': 'localhost', 'x-real-ip': '172.19.0.1', 'x-forwarded-for': '172.19.0.1', 'x-forwarded-proto': 'http', 'connection': 'close', 'user-agent': 'python-requests/2.28.2', 'accept-encoding': 'gzip, deflate', 'accept': '*/*', 'authorization': "Bearer {'access_token': 'eyJhbGciOiJIUzI1NiIsInR5cCI6IkpXVCJ9.eyJzdWIiOiIyNzMxM2EyYy1mNzkxLTRhMjMtOWRiZi0wOGM2OTRkODVhZTgiLCJhdWQiOlsiZmFzdGFwaS11c2VyczphdXRoIl19.cUlJhpVlZ3VxkW80YzyJtpgzcoHynyYbBJukjcNE60c', 'token_type': 'bearer'}"}))
2024-02-01 17:42:14 | INFO | (URL('http://localhost/api/auth/jwt/login'), Headers({'host': 'localhost', 'x-real-ip': '172.19.0.1', 'x-forwarded-for': '172.19.0.1', 'x-forwarded-proto': 'http', 'connection': 'close', 'content-length': '43', 'user-agent': 'python-requests/2.28.2', 'accept-encoding': 'gzip, deflate', 'accept': '*/*', 'content-type': 'application/x-www-form-urlencoded'}))
2024-02-01 17:42:14 | INFO | (URL('http://localhost/api/authenticated-route'), Headers({'host': 'localhost', 'x-real-ip': '172.19.0.1', 'x-forwarded-for': '172.19.0.1', 'x-forwarded-proto': 'http', 'connection': 'close', 'user-agent': 'python-requests/2.28.2', 'accept-encoding': 'gzip, deflate', 'accept': '*/*', 'authorization': 'Bearer eyJhbGciOiJIUzI1NiIsInR5cCI6IkpXVCJ9.eyJzdWIiOiIyNzMxM2EyYy1mNzkxLTRhMjMtOWRiZi0wOGM2OTRkODVhZTgiLCJhdWQiOlsiZmFzdGFwaS11c2VyczphdXRoIl19.cUlJhpVlZ3VxkW80YzyJtpgzcoHynyYbBJukjcNE60c'}))
2024-02-01 17:42:46 | INFO | (URL('http://localhost/api/auth/jwt/login'), Headers({'host': 'localhost', 'x-real-ip': '172.19.0.1', 'x-forwarded-for': '172.19.0.1', 'x-forwarded-proto': 'http', 'connection': 'close', 'content-length': '43', 'user-agent': 'python-requests/2.28.2', 'accept-encoding': 'gzip, deflate', 'accept': '*/*', 'content-type': 'application/x-www-form-urlencoded'}))
2024-02-01 17:42:46 | INFO | Get models
2024-02-01 17:42:46 | INFO | (URL('http://localhost/api/models'), Headers({'host': 'localhost', 'x-real-ip': '172.19.0.1', 'x-forwarded-for': '172.19.0.1', 'x-forwarded-proto': 'http', 'connection': 'close', 'user-agent': 'python-requests/2.28.2', 'accept-encoding': 'gzip, deflate', 'accept': '*/*'}))
2024-02-01 17:42:46 | INFO | Get models
2024-02-01 17:42:46 | INFO | (URL('http://localhost/api/models?path_id=2'), Headers({'host': 'localhost', 'x-real-ip': '172.19.0.1', 'x-forwarded-for': '172.19.0.1', 'x-forwarded-proto': 'http', 'connection': 'close', 'user-agent': 'python-requests/2.28.2', 'accept-encoding': 'gzip, deflate', 'accept': '*/*'}))
2024-02-01 17:42:47 | INFO | (URL('http://localhost/api/auth/jwt/login'), Headers({'host': 'localhost', 'x-real-ip': '172.19.0.1', 'x-forwarded-for': '172.19.0.1', 'x-forwarded-proto': 'http', 'connection': 'close', 'content-length': '43', 'user-agent': 'python-requests/2.28.2', 'accept-encoding': 'gzip, deflate', 'accept': '*/*', 'content-type': 'application/x-www-form-urlencoded'}))
2024-02-01 17:42:47 | CRITICAL | (pymysql.err.IntegrityError) (1062, "Duplicate entry 'http://localhost/storage/free_1975_porsche_911_930_turbo.glb' for key 'path.path'")
[SQL: INSERT INTO path (path) VALUES (%(path)s)]
[parameters: {'path': 'http://localhost/storage/free_1975_porsche_911_930_turbo.glb'}]
(Background on this error at: https://sqlalche.me/e/14/gkpj)
2024-02-01 17:42:47 | INFO | Create new model with path http://localhost/storage/free_1975_porsche_911_930_turbo.glb
2024-02-01 17:42:47 | INFO | (URL('http://localhost/api/upload-model'), Headers({'host': 'localhost', 'x-real-ip': '172.19.0.1', 'x-forwarded-for': '172.19.0.1', 'x-forwarded-proto': 'http', 'connection': 'close', 'content-length': '21970831', 'user-agent': 'python-requests/2.28.2', 'accept-encoding': 'gzip, deflate', 'accept': '*/*', 'authorization': 'Bearer eyJhbGciOiJIUzI1NiIsInR5cCI6IkpXVCJ9.eyJzdWIiOiIyNzMxM2EyYy1mNzkxLTRhMjMtOWRiZi0wOGM2OTRkODVhZTgiLCJhdWQiOlsiZmFzdGFwaS11c2VyczphdXRoIl19.cUlJhpVlZ3VxkW80YzyJtpgzcoHynyYbBJukjcNE60c', 'content-type': 'multipart/form-data; boundary=16dc06891ad221db9d8e2005c415f2dd'}))
2024-02-01 17:42:47 | INFO | (URL('http://localhost/api/auth/jwt/login'), Headers({'host': 'localhost', 'x-real-ip': '172.19.0.1', 'x-forwarded-for': '172.19.0.1', 'x-forwarded-proto': 'http', 'connection': 'close', 'content-length': '43', 'user-agent': 'python-requests/2.28.2', 'accept-encoding': 'gzip, deflate', 'accept': '*/*', 'content-type': 'application/x-www-form-urlencoded'}))
2024-02-01 17:42:47 | INFO | (URL('http://localhost/api/authenticated-route'), Headers({'host': 'localhost', 'x-real-ip': '172.19.0.1', 'x-forwarded-for': '172.19.0.1', 'x-forwarded-proto': 'http', 'connection': 'close', 'user-agent': 'python-requests/2.28.2', 'accept-encoding': 'gzip, deflate', 'accept': '*/*', 'authorization': 'Bearer eyJhbGciOiJIUzI1NiIsInR5cCI6IkpXVCJ9.eyJzdWIiOiIyNzMxM2EyYy1mNzkxLTRhMjMtOWRiZi0wOGM2OTRkODVhZTgiLCJhdWQiOlsiZmFzdGFwaS11c2VyczphdXRoIl19.cUlJhpVlZ3VxkW80YzyJtpgzcoHynyYbBJukjcNE60c'}))
2024-02-01 17:49:41 | INFO | (URL('http://localhost/api/auth/jwt/login'), Headers({'host': 'localhost', 'x-real-ip': '172.19.0.1', 'x-forwarded-for': '172.19.0.1', 'x-forwarded-proto': 'http', 'connection': 'close', 'content-length': '43', 'user-agent': 'python-requests/2.28.2', 'accept-encoding': 'gzip, deflate', 'accept': '*/*', 'content-type': 'application/x-www-form-urlencoded'}))
2024-02-01 17:49:41 | CRITICAL | (pymysql.err.IntegrityError) (1062, "Duplicate entry 'http://localhost/storage/free_1975_porsche_911_930_turbo.glb' for key 'path.path'")
[SQL: INSERT INTO path (path) VALUES (%(path)s)]
[parameters: {'path': 'http://localhost/storage/free_1975_porsche_911_930_turbo.glb'}]
(Background on this error at: https://sqlalche.me/e/14/gkpj)
2024-02-01 17:49:41 | INFO | Create new model with path http://localhost/storage/free_1975_porsche_911_930_turbo.glb
2024-02-01 17:49:41 | INFO | (URL('http://localhost/api/upload-model'), Headers({'host': 'localhost', 'x-real-ip': '172.19.0.1', 'x-forwarded-for': '172.19.0.1', 'x-forwarded-proto': 'http', 'connection': 'close', 'content-length': '180', 'user-agent': 'python-requests/2.28.2', 'accept-encoding': 'gzip, deflate', 'accept': '*/*', 'authorization': 'Bearer eyJhbGciOiJIUzI1NiIsInR5cCI6IkpXVCJ9.eyJzdWIiOiIyNzMxM2EyYy1mNzkxLTRhMjMtOWRiZi0wOGM2OTRkODVhZTgiLCJhdWQiOlsiZmFzdGFwaS11c2VyczphdXRoIl19.cUlJhpVlZ3VxkW80YzyJtpgzcoHynyYbBJukjcNE60c', 'content-type': 'multipart/form-data; boundary=cf9058bb434e342d7124bc6be92d00ad'}))
2024-02-01 17:51:20 | INFO | (URL('http://localhost/api/auth/jwt/login'), Headers({'host': 'localhost', 'x-real-ip': '172.19.0.1', 'x-forwarded-for': '172.19.0.1', 'x-forwarded-proto': 'http', 'connection': 'close', 'content-length': '43', 'user-agent': 'python-requests/2.28.2', 'accept-encoding': 'gzip, deflate', 'accept': '*/*', 'content-type': 'application/x-www-form-urlencoded'}))
2024-02-01 17:51:20 | WARNING | No valid format
2024-02-01 17:51:20 | INFO | (URL('http://localhost/api/upload-model'), Headers({'host': 'localhost', 'x-real-ip': '172.19.0.1', 'x-forwarded-for': '172.19.0.1', 'x-forwarded-proto': 'http', 'connection': 'close', 'content-length': '154', 'user-agent': 'python-requests/2.28.2', 'accept-encoding': 'gzip, deflate', 'accept': '*/*', 'authorization': 'Bearer eyJhbGciOiJIUzI1NiIsInR5cCI6IkpXVCJ9.eyJzdWIiOiIyNzMxM2EyYy1mNzkxLTRhMjMtOWRiZi0wOGM2OTRkODVhZTgiLCJhdWQiOlsiZmFzdGFwaS11c2VyczphdXRoIl19.cUlJhpVlZ3VxkW80YzyJtpgzcoHynyYbBJukjcNE60c', 'content-type': 'multipart/form-data; boundary=5d7456114592cb0da77c30b83789e969'}))
2024-02-01 17:53:54 | INFO | (URL('http://localhost/api/auth/jwt/login'), Headers({'host': 'localhost', 'x-real-ip': '172.19.0.1', 'x-forwarded-for': '172.19.0.1', 'x-forwarded-proto': 'http', 'connection': 'close', 'content-length': '43', 'user-agent': 'python-requests/2.28.2', 'accept-encoding': 'gzip, deflate', 'accept': '*/*', 'content-type': 'application/x-www-form-urlencoded'}))
2024-02-01 17:53:54 | INFO | Get models
2024-02-01 17:53:54 | INFO | (URL('http://localhost/api/models'), Headers({'host': 'localhost', 'x-real-ip': '172.19.0.1', 'x-forwarded-for': '172.19.0.1', 'x-forwarded-proto': 'http', 'connection': 'close', 'user-agent': 'python-requests/2.28.2', 'accept-encoding': 'gzip, deflate', 'accept': '*/*'}))
2024-02-01 17:53:54 | INFO | Get models
2024-02-01 17:53:54 | INFO | (URL('http://localhost/api/models?path_id=2'), Headers({'host': 'localhost', 'x-real-ip': '172.19.0.1', 'x-forwarded-for': '172.19.0.1', 'x-forwarded-proto': 'http', 'connection': 'close', 'user-agent': 'python-requests/2.28.2', 'accept-encoding': 'gzip, deflate', 'accept': '*/*'}))
2024-02-01 17:53:54 | INFO | (URL('http://localhost/api/auth/jwt/login'), Headers({'host': 'localhost', 'x-real-ip': '172.19.0.1', 'x-forwarded-for': '172.19.0.1', 'x-forwarded-proto': 'http', 'connection': 'close', 'content-length': '43', 'user-agent': 'python-requests/2.28.2', 'accept-encoding': 'gzip, deflate', 'accept': '*/*', 'content-type': 'application/x-www-form-urlencoded'}))
2024-02-01 17:53:54 | CRITICAL | (pymysql.err.IntegrityError) (1062, "Duplicate entry 'http://localhost/storage/free_1975_porsche_911_930_turbo.glb' for key 'path.path'")
[SQL: INSERT INTO path (path) VALUES (%(path)s)]
[parameters: {'path': 'http://localhost/storage/free_1975_porsche_911_930_turbo.glb'}]
(Background on this error at: https://sqlalche.me/e/14/gkpj)
2024-02-01 17:53:54 | INFO | Create new model with path http://localhost/storage/free_1975_porsche_911_930_turbo.glb
2024-02-01 17:53:54 | INFO | (URL('http://localhost/api/upload-model'), Headers({'host': 'localhost', 'x-real-ip': '172.19.0.1', 'x-forwarded-for': '172.19.0.1', 'x-forwarded-proto': 'http', 'connection': 'close', 'content-length': '21970831', 'user-agent': 'python-requests/2.28.2', 'accept-encoding': 'gzip, deflate', 'accept': '*/*', 'authorization': 'Bearer eyJhbGciOiJIUzI1NiIsInR5cCI6IkpXVCJ9.eyJzdWIiOiIyNzMxM2EyYy1mNzkxLTRhMjMtOWRiZi0wOGM2OTRkODVhZTgiLCJhdWQiOlsiZmFzdGFwaS11c2VyczphdXRoIl19.cUlJhpVlZ3VxkW80YzyJtpgzcoHynyYbBJukjcNE60c', 'content-type': 'multipart/form-data; boundary=e1001f02eddfd909c1afded0b5896a85'}))
2024-02-01 17:53:54 | INFO | (URL('http://localhost/api/auth/jwt/login'), Headers({'host': 'localhost', 'x-real-ip': '172.19.0.1', 'x-forwarded-for': '172.19.0.1', 'x-forwarded-proto': 'http', 'connection': 'close', 'content-length': '43', 'user-agent': 'python-requests/2.28.2', 'accept-encoding': 'gzip, deflate', 'accept': '*/*', 'content-type': 'application/x-www-form-urlencoded'}))
2024-02-01 17:53:54 | WARNING | No valid format
2024-02-01 17:53:54 | INFO | (URL('http://localhost/api/upload-model'), Headers({'host': 'localhost', 'x-real-ip': '172.19.0.1', 'x-forwarded-for': '172.19.0.1', 'x-forwarded-proto': 'http', 'connection': 'close', 'content-length': '154', 'user-agent': 'python-requests/2.28.2', 'accept-encoding': 'gzip, deflate', 'accept': '*/*', 'authorization': 'Bearer eyJhbGciOiJIUzI1NiIsInR5cCI6IkpXVCJ9.eyJzdWIiOiIyNzMxM2EyYy1mNzkxLTRhMjMtOWRiZi0wOGM2OTRkODVhZTgiLCJhdWQiOlsiZmFzdGFwaS11c2VyczphdXRoIl19.cUlJhpVlZ3VxkW80YzyJtpgzcoHynyYbBJukjcNE60c', 'content-type': 'multipart/form-data; boundary=20bcbbf6dfb3fb9dd508dbed75d62031'}))
2024-02-01 17:53:55 | INFO | (URL('http://localhost/api/auth/jwt/login'), Headers({'host': 'localhost', 'x-real-ip': '172.19.0.1', 'x-forwarded-for': '172.19.0.1', 'x-forwarded-proto': 'http', 'connection': 'close', 'content-length': '43', 'user-agent': 'python-requests/2.28.2', 'accept-encoding': 'gzip, deflate', 'accept': '*/*', 'content-type': 'application/x-www-form-urlencoded'}))
2024-02-01 17:53:55 | INFO | (URL('http://localhost/api/authenticated-route'), Headers({'host': 'localhost', 'x-real-ip': '172.19.0.1', 'x-forwarded-for': '172.19.0.1', 'x-forwarded-proto': 'http', 'connection': 'close', 'user-agent': 'python-requests/2.28.2', 'accept-encoding': 'gzip, deflate', 'accept': '*/*', 'authorization': 'Bearer eyJhbGciOiJIUzI1NiIsInR5cCI6IkpXVCJ9.eyJzdWIiOiIyNzMxM2EyYy1mNzkxLTRhMjMtOWRiZi0wOGM2OTRkODVhZTgiLCJhdWQiOlsiZmFzdGFwaS11c2VyczphdXRoIl19.cUlJhpVlZ3VxkW80YzyJtpgzcoHynyYbBJukjcNE60c'}))
2024-02-01 17:56:35 | INFO | (URL('http://localhost/api/auth/jwt/login'), Headers({'host': 'localhost', 'x-real-ip': '172.19.0.1', 'x-forwarded-for': '172.19.0.1', 'x-forwarded-proto': 'http', 'connection': 'close', 'content-length': '43', 'user-agent': 'python-requests/2.28.2', 'accept-encoding': 'gzip, deflate', 'accept': '*/*', 'content-type': 'application/x-www-form-urlencoded'}))
2024-02-01 17:56:35 | INFO | Get models
2024-02-01 17:56:35 | INFO | (URL('http://localhost/api/models'), Headers({'host': 'localhost', 'x-real-ip': '172.19.0.1', 'x-forwarded-for': '172.19.0.1', 'x-forwarded-proto': 'http', 'connection': 'close', 'user-agent': 'python-requests/2.28.2', 'accept-encoding': 'gzip, deflate', 'accept': '*/*'}))
2024-02-01 17:56:35 | INFO | Get models
2024-02-01 17:56:35 | INFO | (URL('http://localhost/api/models?path_id=2'), Headers({'host': 'localhost', 'x-real-ip': '172.19.0.1', 'x-forwarded-for': '172.19.0.1', 'x-forwarded-proto': 'http', 'connection': 'close', 'user-agent': 'python-requests/2.28.2', 'accept-encoding': 'gzip, deflate', 'accept': '*/*'}))
2024-02-01 17:56:35 | INFO | (URL('http://localhost/api/auth/jwt/login'), Headers({'host': 'localhost', 'x-real-ip': '172.19.0.1', 'x-forwarded-for': '172.19.0.1', 'x-forwarded-proto': 'http', 'connection': 'close', 'content-length': '43', 'user-agent': 'python-requests/2.28.2', 'accept-encoding': 'gzip, deflate', 'accept': '*/*', 'content-type': 'application/x-www-form-urlencoded'}))
2024-02-01 17:56:35 | CRITICAL | (pymysql.err.IntegrityError) (1062, "Duplicate entry 'http://localhost/storage/free_1975_porsche_911_930_turbo.glb' for key 'path.path'")
[SQL: INSERT INTO path (path) VALUES (%(path)s)]
[parameters: {'path': 'http://localhost/storage/free_1975_porsche_911_930_turbo.glb'}]
(Background on this error at: https://sqlalche.me/e/14/gkpj)
2024-02-01 17:56:35 | INFO | Create new model with path http://localhost/storage/free_1975_porsche_911_930_turbo.glb
2024-02-01 17:56:35 | INFO | (URL('http://localhost/api/upload-model'), Headers({'host': 'localhost', 'x-real-ip': '172.19.0.1', 'x-forwarded-for': '172.19.0.1', 'x-forwarded-proto': 'http', 'connection': 'close', 'content-length': '21970831', 'user-agent': 'python-requests/2.28.2', 'accept-encoding': 'gzip, deflate', 'accept': '*/*', 'authorization': 'Bearer eyJhbGciOiJIUzI1NiIsInR5cCI6IkpXVCJ9.eyJzdWIiOiIyNzMxM2EyYy1mNzkxLTRhMjMtOWRiZi0wOGM2OTRkODVhZTgiLCJhdWQiOlsiZmFzdGFwaS11c2VyczphdXRoIl19.cUlJhpVlZ3VxkW80YzyJtpgzcoHynyYbBJukjcNE60c', 'content-type': 'multipart/form-data; boundary=b517d59eabfa09ba0e55f5ba8b3b17b3'}))
2024-02-01 17:56:36 | INFO | (URL('http://localhost/api/auth/jwt/login'), Headers({'host': 'localhost', 'x-real-ip': '172.19.0.1', 'x-forwarded-for': '172.19.0.1', 'x-forwarded-proto': 'http', 'connection': 'close', 'content-length': '43', 'user-agent': 'python-requests/2.28.2', 'accept-encoding': 'gzip, deflate', 'accept': '*/*', 'content-type': 'application/x-www-form-urlencoded'}))
2024-02-01 17:56:36 | WARNING | No valid format
2024-02-01 17:56:36 | INFO | (URL('http://localhost/api/upload-model'), Headers({'host': 'localhost', 'x-real-ip': '172.19.0.1', 'x-forwarded-for': '172.19.0.1', 'x-forwarded-proto': 'http', 'connection': 'close', 'content-length': '154', 'user-agent': 'python-requests/2.28.2', 'accept-encoding': 'gzip, deflate', 'accept': '*/*', 'authorization': 'Bearer eyJhbGciOiJIUzI1NiIsInR5cCI6IkpXVCJ9.eyJzdWIiOiIyNzMxM2EyYy1mNzkxLTRhMjMtOWRiZi0wOGM2OTRkODVhZTgiLCJhdWQiOlsiZmFzdGFwaS11c2VyczphdXRoIl19.cUlJhpVlZ3VxkW80YzyJtpgzcoHynyYbBJukjcNE60c', 'content-type': 'multipart/form-data; boundary=c39d5f441f239795b588b967d8bdeda2'}))
2024-02-01 17:56:36 | INFO | (URL('http://localhost/api/auth/jwt/login'), Headers({'host': 'localhost', 'x-real-ip': '172.19.0.1', 'x-forwarded-for': '172.19.0.1', 'x-forwarded-proto': 'http', 'connection': 'close', 'content-length': '43', 'user-agent': 'python-requests/2.28.2', 'accept-encoding': 'gzip, deflate', 'accept': '*/*', 'content-type': 'application/x-www-form-urlencoded'}))
2024-02-01 17:56:36 | INFO | (URL('http://localhost/api/authenticated-route'), Headers({'host': 'localhost', 'x-real-ip': '172.19.0.1', 'x-forwarded-for': '172.19.0.1', 'x-forwarded-proto': 'http', 'connection': 'close', 'user-agent': 'python-requests/2.28.2', 'accept-encoding': 'gzip, deflate', 'accept': '*/*', 'authorization': 'Bearer eyJhbGciOiJIUzI1NiIsInR5cCI6IkpXVCJ9.eyJzdWIiOiIyNzMxM2EyYy1mNzkxLTRhMjMtOWRiZi0wOGM2OTRkODVhZTgiLCJhdWQiOlsiZmFzdGFwaS11c2VyczphdXRoIl19.cUlJhpVlZ3VxkW80YzyJtpgzcoHynyYbBJukjcNE60c'}))
2024-02-01 17:57:52 | INFO | (URL('http://localhost/api/auth/jwt/login'), Headers({'host': 'localhost', 'x-real-ip': '172.19.0.1', 'x-forwarded-for': '172.19.0.1', 'x-forwarded-proto': 'http', 'connection': 'close', 'content-length': '43', 'user-agent': 'python-requests/2.28.2', 'accept-encoding': 'gzip, deflate', 'accept': '*/*', 'content-type': 'application/x-www-form-urlencoded'}))
2024-02-01 17:57:52 | INFO | Get models
2024-02-01 17:57:52 | INFO | (URL('http://localhost/api/models'), Headers({'host': 'localhost', 'x-real-ip': '172.19.0.1', 'x-forwarded-for': '172.19.0.1', 'x-forwarded-proto': 'http', 'connection': 'close', 'user-agent': 'python-requests/2.28.2', 'accept-encoding': 'gzip, deflate', 'accept': '*/*'}))
2024-02-01 17:57:52 | INFO | Get models
2024-02-01 17:57:52 | INFO | (URL('http://localhost/api/models?path_id=2'), Headers({'host': 'localhost', 'x-real-ip': '172.19.0.1', 'x-forwarded-for': '172.19.0.1', 'x-forwarded-proto': 'http', 'connection': 'close', 'user-agent': 'python-requests/2.28.2', 'accept-encoding': 'gzip, deflate', 'accept': '*/*'}))
2024-02-01 17:57:52 | INFO | (URL('http://localhost/api/auth/jwt/login'), Headers({'host': 'localhost', 'x-real-ip': '172.19.0.1', 'x-forwarded-for': '172.19.0.1', 'x-forwarded-proto': 'http', 'connection': 'close', 'content-length': '43', 'user-agent': 'python-requests/2.28.2', 'accept-encoding': 'gzip, deflate', 'accept': '*/*', 'content-type': 'application/x-www-form-urlencoded'}))
2024-02-01 17:57:52 | CRITICAL | (pymysql.err.IntegrityError) (1062, "Duplicate entry 'http://localhost/storage/free_1975_porsche_911_930_turbo.glb' for key 'path.path'")
[SQL: INSERT INTO path (path) VALUES (%(path)s)]
[parameters: {'path': 'http://localhost/storage/free_1975_porsche_911_930_turbo.glb'}]
(Background on this error at: https://sqlalche.me/e/14/gkpj)
2024-02-01 17:57:52 | INFO | Create new model with path http://localhost/storage/free_1975_porsche_911_930_turbo.glb
2024-02-01 17:57:52 | INFO | (URL('http://localhost/api/upload-model'), Headers({'host': 'localhost', 'x-real-ip': '172.19.0.1', 'x-forwarded-for': '172.19.0.1', 'x-forwarded-proto': 'http', 'connection': 'close', 'content-length': '21970831', 'user-agent': 'python-requests/2.28.2', 'accept-encoding': 'gzip, deflate', 'accept': '*/*', 'authorization': 'Bearer eyJhbGciOiJIUzI1NiIsInR5cCI6IkpXVCJ9.eyJzdWIiOiIyNzMxM2EyYy1mNzkxLTRhMjMtOWRiZi0wOGM2OTRkODVhZTgiLCJhdWQiOlsiZmFzdGFwaS11c2VyczphdXRoIl19.cUlJhpVlZ3VxkW80YzyJtpgzcoHynyYbBJukjcNE60c', 'content-type': 'multipart/form-data; boundary=fb8e01c570e40a782dd69c0a7c7a6d25'}))
2024-02-01 17:57:52 | INFO | (URL('http://localhost/api/auth/jwt/login'), Headers({'host': 'localhost', 'x-real-ip': '172.19.0.1', 'x-forwarded-for': '172.19.0.1', 'x-forwarded-proto': 'http', 'connection': 'close', 'content-length': '43', 'user-agent': 'python-requests/2.28.2', 'accept-encoding': 'gzip, deflate', 'accept': '*/*', 'content-type': 'application/x-www-form-urlencoded'}))
2024-02-01 17:57:52 | WARNING | No valid format
2024-02-01 17:57:52 | INFO | (URL('http://localhost/api/upload-model'), Headers({'host': 'localhost', 'x-real-ip': '172.19.0.1', 'x-forwarded-for': '172.19.0.1', 'x-forwarded-proto': 'http', 'connection': 'close', 'content-length': '154', 'user-agent': 'python-requests/2.28.2', 'accept-encoding': 'gzip, deflate', 'accept': '*/*', 'authorization': 'Bearer eyJhbGciOiJIUzI1NiIsInR5cCI6IkpXVCJ9.eyJzdWIiOiIyNzMxM2EyYy1mNzkxLTRhMjMtOWRiZi0wOGM2OTRkODVhZTgiLCJhdWQiOlsiZmFzdGFwaS11c2VyczphdXRoIl19.cUlJhpVlZ3VxkW80YzyJtpgzcoHynyYbBJukjcNE60c', 'content-type': 'multipart/form-data; boundary=484a5210c9f62ee334d047e66414a1da'}))
2024-02-01 17:57:53 | INFO | (URL('http://localhost/api/auth/jwt/login'), Headers({'host': 'localhost', 'x-real-ip': '172.19.0.1', 'x-forwarded-for': '172.19.0.1', 'x-forwarded-proto': 'http', 'connection': 'close', 'content-length': '43', 'user-agent': 'python-requests/2.28.2', 'accept-encoding': 'gzip, deflate', 'accept': '*/*', 'content-type': 'application/x-www-form-urlencoded'}))
2024-02-01 17:57:53 | INFO | (URL('http://localhost/api/authenticated-route'), Headers({'host': 'localhost', 'x-real-ip': '172.19.0.1', 'x-forwarded-for': '172.19.0.1', 'x-forwarded-proto': 'http', 'connection': 'close', 'user-agent': 'python-requests/2.28.2', 'accept-encoding': 'gzip, deflate', 'accept': '*/*', 'authorization': 'Bearer eyJhbGciOiJIUzI1NiIsInR5cCI6IkpXVCJ9.eyJzdWIiOiIyNzMxM2EyYy1mNzkxLTRhMjMtOWRiZi0wOGM2OTRkODVhZTgiLCJhdWQiOlsiZmFzdGFwaS11c2VyczphdXRoIl19.cUlJhpVlZ3VxkW80YzyJtpgzcoHynyYbBJukjcNE60c'}))
2024-02-01 18:00:10 | INFO | Get models
2024-02-01 18:00:10 | INFO | (URL('http://localhost/api/models?path_id=2'), Headers({'host': 'localhost', 'x-real-ip': '172.19.0.1', 'x-forwarded-for': '172.19.0.1', 'x-forwarded-proto': 'http', 'connection': 'close', 'user-agent': 'python-requests/2.28.2', 'accept-encoding': 'gzip, deflate', 'accept': '*/*'}))
2024-02-01 18:01:53 | INFO | (URL('http://localhost/api/auth/jwt/login'), Headers({'host': 'localhost', 'x-real-ip': '172.19.0.1', 'x-forwarded-for': '172.19.0.1', 'x-forwarded-proto': 'http', 'connection': 'close', 'content-length': '43', 'user-agent': 'python-requests/2.28.2', 'accept-encoding': 'gzip, deflate', 'accept': '*/*', 'content-type': 'application/x-www-form-urlencoded'}))
2024-02-01 18:01:53 | INFO | Delete model with id 2
2024-02-01 18:01:53 | INFO | (URL('http://localhost/api/delete-model?path_id=2'), Headers({'host': 'localhost', 'x-real-ip': '172.19.0.1', 'x-forwarded-for': '172.19.0.1', 'x-forwarded-proto': 'http', 'connection': 'close', 'user-agent': 'python-requests/2.28.2', 'accept-encoding': 'gzip, deflate', 'accept': '*/*', 'authorization': 'Bearer eyJhbGciOiJIUzI1NiIsInR5cCI6IkpXVCJ9.eyJzdWIiOiIyNzMxM2EyYy1mNzkxLTRhMjMtOWRiZi0wOGM2OTRkODVhZTgiLCJhdWQiOlsiZmFzdGFwaS11c2VyczphdXRoIl19.cUlJhpVlZ3VxkW80YzyJtpgzcoHynyYbBJukjcNE60c'}))
2024-02-01 18:02:03 | INFO | (URL('http://localhost/api/auth/jwt/login'), Headers({'host': 'localhost', 'x-real-ip': '172.19.0.1', 'x-forwarded-for': '172.19.0.1', 'x-forwarded-proto': 'http', 'connection': 'close', 'content-length': '43', 'user-agent': 'python-requests/2.28.2', 'accept-encoding': 'gzip, deflate', 'accept': '*/*', 'content-type': 'application/x-www-form-urlencoded'}))
2024-02-01 18:02:03 | INFO | Delete model with id 2
2024-02-01 18:02:03 | INFO | (URL('http://localhost/api/delete-model?path_id=2'), Headers({'host': 'localhost', 'x-real-ip': '172.19.0.1', 'x-forwarded-for': '172.19.0.1', 'x-forwarded-proto': 'http', 'connection': 'close', 'user-agent': 'python-requests/2.28.2', 'accept-encoding': 'gzip, deflate', 'accept': '*/*', 'authorization': 'Bearer eyJhbGciOiJIUzI1NiIsInR5cCI6IkpXVCJ9.eyJzdWIiOiIyNzMxM2EyYy1mNzkxLTRhMjMtOWRiZi0wOGM2OTRkODVhZTgiLCJhdWQiOlsiZmFzdGFwaS11c2VyczphdXRoIl19.cUlJhpVlZ3VxkW80YzyJtpgzcoHynyYbBJukjcNE60c'}))
2024-02-01 18:03:13 | INFO | (URL('http://localhost/api/auth/jwt/login'), Headers({'host': 'localhost', 'x-real-ip': '172.19.0.1', 'x-forwarded-for': '172.19.0.1', 'x-forwarded-proto': 'http', 'connection': 'close', 'content-length': '43', 'user-agent': 'python-requests/2.28.2', 'accept-encoding': 'gzip, deflate', 'accept': '*/*', 'content-type': 'application/x-www-form-urlencoded'}))
2024-02-01 18:03:13 | INFO | Get models
2024-02-01 18:03:13 | INFO | (URL('http://localhost/api/models'), Headers({'host': 'localhost', 'x-real-ip': '172.19.0.1', 'x-forwarded-for': '172.19.0.1', 'x-forwarded-proto': 'http', 'connection': 'close', 'user-agent': 'python-requests/2.28.2', 'accept-encoding': 'gzip, deflate', 'accept': '*/*'}))
2024-02-01 18:03:13 | INFO | Get models
2024-02-01 18:03:13 | INFO | (URL('http://localhost/api/models?path_id=2'), Headers({'host': 'localhost', 'x-real-ip': '172.19.0.1', 'x-forwarded-for': '172.19.0.1', 'x-forwarded-proto': 'http', 'connection': 'close', 'user-agent': 'python-requests/2.28.2', 'accept-encoding': 'gzip, deflate', 'accept': '*/*'}))
2024-02-01 18:03:13 | INFO | (URL('http://localhost/api/auth/jwt/login'), Headers({'host': 'localhost', 'x-real-ip': '172.19.0.1', 'x-forwarded-for': '172.19.0.1', 'x-forwarded-proto': 'http', 'connection': 'close', 'content-length': '43', 'user-agent': 'python-requests/2.28.2', 'accept-encoding': 'gzip, deflate', 'accept': '*/*', 'content-type': 'application/x-www-form-urlencoded'}))
2024-02-01 18:03:14 | CRITICAL | (pymysql.err.IntegrityError) (1062, "Duplicate entry 'http://localhost/storage/free_1975_porsche_911_930_turbo.glb' for key 'path.path'")
[SQL: INSERT INTO path (path) VALUES (%(path)s)]
[parameters: {'path': 'http://localhost/storage/free_1975_porsche_911_930_turbo.glb'}]
(Background on this error at: https://sqlalche.me/e/14/gkpj)
2024-02-01 18:03:14 | INFO | Create new model with path http://localhost/storage/free_1975_porsche_911_930_turbo.glb
2024-02-01 18:03:14 | INFO | (URL('http://localhost/api/upload-model'), Headers({'host': 'localhost', 'x-real-ip': '172.19.0.1', 'x-forwarded-for': '172.19.0.1', 'x-forwarded-proto': 'http', 'connection': 'close', 'content-length': '21970831', 'user-agent': 'python-requests/2.28.2', 'accept-encoding': 'gzip, deflate', 'accept': '*/*', 'authorization': 'Bearer eyJhbGciOiJIUzI1NiIsInR5cCI6IkpXVCJ9.eyJzdWIiOiIyNzMxM2EyYy1mNzkxLTRhMjMtOWRiZi0wOGM2OTRkODVhZTgiLCJhdWQiOlsiZmFzdGFwaS11c2VyczphdXRoIl19.cUlJhpVlZ3VxkW80YzyJtpgzcoHynyYbBJukjcNE60c', 'content-type': 'multipart/form-data; boundary=f606baf29b949302892ae1b8b4337f5d'}))
2024-02-01 18:03:14 | INFO | (URL('http://localhost/api/auth/jwt/login'), Headers({'host': 'localhost', 'x-real-ip': '172.19.0.1', 'x-forwarded-for': '172.19.0.1', 'x-forwarded-proto': 'http', 'connection': 'close', 'content-length': '43', 'user-agent': 'python-requests/2.28.2', 'accept-encoding': 'gzip, deflate', 'accept': '*/*', 'content-type': 'application/x-www-form-urlencoded'}))
2024-02-01 18:03:14 | WARNING | No valid format
2024-02-01 18:03:14 | INFO | (URL('http://localhost/api/upload-model'), Headers({'host': 'localhost', 'x-real-ip': '172.19.0.1', 'x-forwarded-for': '172.19.0.1', 'x-forwarded-proto': 'http', 'connection': 'close', 'content-length': '154', 'user-agent': 'python-requests/2.28.2', 'accept-encoding': 'gzip, deflate', 'accept': '*/*', 'authorization': 'Bearer eyJhbGciOiJIUzI1NiIsInR5cCI6IkpXVCJ9.eyJzdWIiOiIyNzMxM2EyYy1mNzkxLTRhMjMtOWRiZi0wOGM2OTRkODVhZTgiLCJhdWQiOlsiZmFzdGFwaS11c2VyczphdXRoIl19.cUlJhpVlZ3VxkW80YzyJtpgzcoHynyYbBJukjcNE60c', 'content-type': 'multipart/form-data; boundary=e84162ee8d131a6b334fda17d83c3f9c'}))
2024-02-01 18:03:14 | INFO | (URL('http://localhost/api/auth/jwt/login'), Headers({'host': 'localhost', 'x-real-ip': '172.19.0.1', 'x-forwarded-for': '172.19.0.1', 'x-forwarded-proto': 'http', 'connection': 'close', 'content-length': '43', 'user-agent': 'python-requests/2.28.2', 'accept-encoding': 'gzip, deflate', 'accept': '*/*', 'content-type': 'application/x-www-form-urlencoded'}))
2024-02-01 18:03:14 | INFO | Delete model with id 2
2024-02-01 18:03:14 | INFO | (URL('http://localhost/api/delete-model?path_id=2'), Headers({'host': 'localhost', 'x-real-ip': '172.19.0.1', 'x-forwarded-for': '172.19.0.1', 'x-forwarded-proto': 'http', 'connection': 'close', 'user-agent': 'python-requests/2.28.2', 'accept-encoding': 'gzip, deflate', 'accept': '*/*', 'authorization': 'Bearer eyJhbGciOiJIUzI1NiIsInR5cCI6IkpXVCJ9.eyJzdWIiOiIyNzMxM2EyYy1mNzkxLTRhMjMtOWRiZi0wOGM2OTRkODVhZTgiLCJhdWQiOlsiZmFzdGFwaS11c2VyczphdXRoIl19.cUlJhpVlZ3VxkW80YzyJtpgzcoHynyYbBJukjcNE60c'}))
2024-02-01 18:03:14 | INFO | (URL('http://localhost/api/auth/jwt/login'), Headers({'host': 'localhost', 'x-real-ip': '172.19.0.1', 'x-forwarded-for': '172.19.0.1', 'x-forwarded-proto': 'http', 'connection': 'close', 'content-length': '43', 'user-agent': 'python-requests/2.28.2', 'accept-encoding': 'gzip, deflate', 'accept': '*/*', 'content-type': 'application/x-www-form-urlencoded'}))
2024-02-01 18:03:14 | INFO | (URL('http://localhost/api/authenticated-route'), Headers({'host': 'localhost', 'x-real-ip': '172.19.0.1', 'x-forwarded-for': '172.19.0.1', 'x-forwarded-proto': 'http', 'connection': 'close', 'user-agent': 'python-requests/2.28.2', 'accept-encoding': 'gzip, deflate', 'accept': '*/*', 'authorization': 'Bearer eyJhbGciOiJIUzI1NiIsInR5cCI6IkpXVCJ9.eyJzdWIiOiIyNzMxM2EyYy1mNzkxLTRhMjMtOWRiZi0wOGM2OTRkODVhZTgiLCJhdWQiOlsiZmFzdGFwaS11c2VyczphdXRoIl19.cUlJhpVlZ3VxkW80YzyJtpgzcoHynyYbBJukjcNE60c'}))
2024-02-01 18:06:22 | INFO | (URL('http://localhost/api/auth/jwt/login'), Headers({'host': 'localhost', 'x-real-ip': '172.19.0.1', 'x-forwarded-for': '172.19.0.1', 'x-forwarded-proto': 'http', 'connection': 'close', 'content-length': '43', 'user-agent': 'python-requests/2.28.2', 'accept-encoding': 'gzip, deflate', 'accept': '*/*', 'content-type': 'application/x-www-form-urlencoded'}))
2024-02-01 18:06:22 | INFO | Get models
2024-02-01 18:06:22 | INFO | (URL('http://localhost/api/models'), Headers({'host': 'localhost', 'x-real-ip': '172.19.0.1', 'x-forwarded-for': '172.19.0.1', 'x-forwarded-proto': 'http', 'connection': 'close', 'user-agent': 'python-requests/2.28.2', 'accept-encoding': 'gzip, deflate', 'accept': '*/*'}))
2024-02-01 18:06:22 | INFO | Get models
2024-02-01 18:06:22 | INFO | (URL('http://localhost/api/models?path_id=2'), Headers({'host': 'localhost', 'x-real-ip': '172.19.0.1', 'x-forwarded-for': '172.19.0.1', 'x-forwarded-proto': 'http', 'connection': 'close', 'user-agent': 'python-requests/2.28.2', 'accept-encoding': 'gzip, deflate', 'accept': '*/*'}))
2024-02-01 18:06:22 | INFO | (URL('http://localhost/api/auth/jwt/login'), Headers({'host': 'localhost', 'x-real-ip': '172.19.0.1', 'x-forwarded-for': '172.19.0.1', 'x-forwarded-proto': 'http', 'connection': 'close', 'content-length': '43', 'user-agent': 'python-requests/2.28.2', 'accept-encoding': 'gzip, deflate', 'accept': '*/*', 'content-type': 'application/x-www-form-urlencoded'}))
2024-02-01 18:06:22 | CRITICAL | (pymysql.err.IntegrityError) (1062, "Duplicate entry 'http://localhost/storage/free_1975_porsche_911_930_turbo.glb' for key 'path.path'")
[SQL: INSERT INTO path (path) VALUES (%(path)s)]
[parameters: {'path': 'http://localhost/storage/free_1975_porsche_911_930_turbo.glb'}]
(Background on this error at: https://sqlalche.me/e/14/gkpj)
2024-02-01 18:06:22 | INFO | Create new model with path http://localhost/storage/free_1975_porsche_911_930_turbo.glb
2024-02-01 18:06:22 | INFO | (URL('http://localhost/api/upload-model'), Headers({'host': 'localhost', 'x-real-ip': '172.19.0.1', 'x-forwarded-for': '172.19.0.1', 'x-forwarded-proto': 'http', 'connection': 'close', 'content-length': '21970831', 'user-agent': 'python-requests/2.28.2', 'accept-encoding': 'gzip, deflate', 'accept': '*/*', 'authorization': 'Bearer eyJhbGciOiJIUzI1NiIsInR5cCI6IkpXVCJ9.eyJzdWIiOiIyNzMxM2EyYy1mNzkxLTRhMjMtOWRiZi0wOGM2OTRkODVhZTgiLCJhdWQiOlsiZmFzdGFwaS11c2VyczphdXRoIl19.cUlJhpVlZ3VxkW80YzyJtpgzcoHynyYbBJukjcNE60c', 'content-type': 'multipart/form-data; boundary=240c681fe743f61c22358dffa28edc1e'}))
2024-02-01 18:06:23 | INFO | (URL('http://localhost/api/auth/jwt/login'), Headers({'host': 'localhost', 'x-real-ip': '172.19.0.1', 'x-forwarded-for': '172.19.0.1', 'x-forwarded-proto': 'http', 'connection': 'close', 'content-length': '43', 'user-agent': 'python-requests/2.28.2', 'accept-encoding': 'gzip, deflate', 'accept': '*/*', 'content-type': 'application/x-www-form-urlencoded'}))
2024-02-01 18:06:23 | WARNING | No valid format
2024-02-01 18:06:23 | INFO | (URL('http://localhost/api/upload-model'), Headers({'host': 'localhost', 'x-real-ip': '172.19.0.1', 'x-forwarded-for': '172.19.0.1', 'x-forwarded-proto': 'http', 'connection': 'close', 'content-length': '154', 'user-agent': 'python-requests/2.28.2', 'accept-encoding': 'gzip, deflate', 'accept': '*/*', 'authorization': 'Bearer eyJhbGciOiJIUzI1NiIsInR5cCI6IkpXVCJ9.eyJzdWIiOiIyNzMxM2EyYy1mNzkxLTRhMjMtOWRiZi0wOGM2OTRkODVhZTgiLCJhdWQiOlsiZmFzdGFwaS11c2VyczphdXRoIl19.cUlJhpVlZ3VxkW80YzyJtpgzcoHynyYbBJukjcNE60c', 'content-type': 'multipart/form-data; boundary=b9c37f3b2e6a70803196a7b42492f3f5'}))
2024-02-01 18:06:23 | INFO | (URL('http://localhost/api/auth/jwt/login'), Headers({'host': 'localhost', 'x-real-ip': '172.19.0.1', 'x-forwarded-for': '172.19.0.1', 'x-forwarded-proto': 'http', 'connection': 'close', 'content-length': '43', 'user-agent': 'python-requests/2.28.2', 'accept-encoding': 'gzip, deflate', 'accept': '*/*', 'content-type': 'application/x-www-form-urlencoded'}))
2024-02-01 18:06:23 | INFO | Delete model with id 2
2024-02-01 18:06:23 | INFO | (URL('http://localhost/api/delete-model?path_id=2'), Headers({'host': 'localhost', 'x-real-ip': '172.19.0.1', 'x-forwarded-for': '172.19.0.1', 'x-forwarded-proto': 'http', 'connection': 'close', 'user-agent': 'python-requests/2.28.2', 'accept-encoding': 'gzip, deflate', 'accept': '*/*', 'authorization': 'Bearer eyJhbGciOiJIUzI1NiIsInR5cCI6IkpXVCJ9.eyJzdWIiOiIyNzMxM2EyYy1mNzkxLTRhMjMtOWRiZi0wOGM2OTRkODVhZTgiLCJhdWQiOlsiZmFzdGFwaS11c2VyczphdXRoIl19.cUlJhpVlZ3VxkW80YzyJtpgzcoHynyYbBJukjcNE60c'}))
2024-02-01 18:06:23 | INFO | (URL('http://localhost/api/auth/jwt/login'), Headers({'host': 'localhost', 'x-real-ip': '172.19.0.1', 'x-forwarded-for': '172.19.0.1', 'x-forwarded-proto': 'http', 'connection': 'close', 'content-length': '43', 'user-agent': 'python-requests/2.28.2', 'accept-encoding': 'gzip, deflate', 'accept': '*/*', 'content-type': 'application/x-www-form-urlencoded'}))
2024-02-01 18:06:23 | INFO | (URL('http://localhost/api/authenticated-route'), Headers({'host': 'localhost', 'x-real-ip': '172.19.0.1', 'x-forwarded-for': '172.19.0.1', 'x-forwarded-proto': 'http', 'connection': 'close', 'user-agent': 'python-requests/2.28.2', 'accept-encoding': 'gzip, deflate', 'accept': '*/*', 'authorization': 'Bearer eyJhbGciOiJIUzI1NiIsInR5cCI6IkpXVCJ9.eyJzdWIiOiIyNzMxM2EyYy1mNzkxLTRhMjMtOWRiZi0wOGM2OTRkODVhZTgiLCJhdWQiOlsiZmFzdGFwaS11c2VyczphdXRoIl19.cUlJhpVlZ3VxkW80YzyJtpgzcoHynyYbBJukjcNE60c'}))
2024-02-01 18:11:56 | INFO | (URL('http://localhost/api/auth/jwt/login'), Headers({'host': 'localhost', 'x-real-ip': '172.19.0.1', 'x-forwarded-for': '172.19.0.1', 'x-forwarded-proto': 'http', 'connection': 'close', 'content-length': '43', 'user-agent': 'Mozilla/5.0 (X11; Linux x86_64; rv:121.0) Gecko/20100101 Firefox/121.0', 'accept': 'application/json', 'accept-language': 'uk-UA,uk;q=0.8,en-US;q=0.5,en;q=0.3', 'accept-encoding': 'gzip, deflate, br', 'content-type': 'application/x-www-form-urlencoded', 'origin': 'http://localhost:90', 'referer': 'http://localhost:90/login', 'cookie': 'pma_lang=uk', 'sec-fetch-dest': 'empty', 'sec-fetch-mode': 'cors', 'sec-fetch-site': 'same-origin'}))
2024-02-01 18:11:56 | INFO | Get models
2024-02-01 18:11:56 | INFO | (URL('http://localhost/api/models'), Headers({'host': 'localhost', 'x-real-ip': '172.19.0.1', 'x-forwarded-for': '172.19.0.1', 'x-forwarded-proto': 'http', 'connection': 'close', 'user-agent': 'Mozilla/5.0 (X11; Linux x86_64; rv:121.0) Gecko/20100101 Firefox/121.0', 'accept': 'application/json', 'accept-language': 'uk-UA,uk;q=0.8,en-US;q=0.5,en;q=0.3', 'accept-encoding': 'gzip, deflate, br', 'authorization': 'Bearer eyJhbGciOiJIUzI1NiIsInR5cCI6IkpXVCJ9.eyJzdWIiOiIyNzMxM2EyYy1mNzkxLTRhMjMtOWRiZi0wOGM2OTRkODVhZTgiLCJhdWQiOlsiZmFzdGFwaS11c2VyczphdXRoIl19.cUlJhpVlZ3VxkW80YzyJtpgzcoHynyYbBJukjcNE60c', 'referer': 'http://localhost:90/admin', 'cookie': 'pma_lang=uk', 'sec-fetch-dest': 'empty', 'sec-fetch-mode': 'cors', 'sec-fetch-site': 'same-origin'}))
2024-02-01 18:11:56 | INFO | (URL('http://localhost/storage/free__bread_pack_cs2.glb'), Headers({'host': 'localhost', 'user-agent': 'Mozilla/5.0 (X11; Linux x86_64; rv:121.0) Gecko/20100101 Firefox/121.0', 'accept': '*/*', 'accept-language': 'uk-UA,uk;q=0.8,en-US;q=0.5,en;q=0.3', 'accept-encoding': 'gzip, deflate, br', 'referer': 'http://localhost:90/', 'origin': 'http://localhost:90', 'connection': 'keep-alive', 'sec-fetch-dest': 'empty', 'sec-fetch-mode': 'cors', 'sec-fetch-site': 'same-site', 'if-modified-since': 'Thu, 01 Feb 2024 16:16:17 GMT', 'if-none-match': '8b613683b41e03c2c9abfe3c147064ac'}))
2024-02-01 18:11:56 | INFO | (URL('http://localhost/storage/Sphere.001.glb'), Headers({'host': 'localhost', 'user-agent': 'Mozilla/5.0 (X11; Linux x86_64; rv:121.0) Gecko/20100101 Firefox/121.0', 'accept': '*/*', 'accept-language': 'uk-UA,uk;q=0.8,en-US;q=0.5,en;q=0.3', 'accept-encoding': 'gzip, deflate, br', 'referer': 'http://localhost:90/', 'origin': 'http://localhost:90', 'connection': 'keep-alive', 'sec-fetch-dest': 'empty', 'sec-fetch-mode': 'cors', 'sec-fetch-site': 'same-site', 'if-modified-since': 'Thu, 01 Feb 2024 16:19:41 GMT', 'if-none-match': '97bc9059abb774f39224ba1337b32b9a'}))
2024-02-01 18:11:56 | INFO | (URL('http://localhost/storage/free_1975_porsche_911_930_turbo.glb'), Headers({'host': 'localhost', 'user-agent': 'Mozilla/5.0 (X11; Linux x86_64; rv:121.0) Gecko/20100101 Firefox/121.0', 'accept': '*/*', 'accept-language': 'uk-UA,uk;q=0.8,en-US;q=0.5,en;q=0.3', 'accept-encoding': 'gzip, deflate, br', 'referer': 'http://localhost:90/', 'origin': 'http://localhost:90', 'connection': 'keep-alive', 'sec-fetch-dest': 'empty', 'sec-fetch-mode': 'cors', 'sec-fetch-site': 'same-site', 'if-modified-since': 'Thu, 01 Feb 2024 14:16:19 GMT', 'if-none-match': 'ac9a7bb74091be5e67537811f91d2eaf'}))
2024-02-01 18:12:03 | INFO | Get models
2024-02-01 18:12:03 | INFO | (URL('http://localhost/api/models'), Headers({'host': 'localhost', 'x-real-ip': '172.19.0.1', 'x-forwarded-for': '172.19.0.1', 'x-forwarded-proto': 'http', 'connection': 'close', 'user-agent': 'Mozilla/5.0 (X11; Linux x86_64; rv:121.0) Gecko/20100101 Firefox/121.0', 'accept': 'application/json', 'accept-language': 'uk-UA,uk;q=0.8,en-US;q=0.5,en;q=0.3', 'accept-encoding': 'gzip, deflate, br', 'authorization': 'Bearer eyJhbGciOiJIUzI1NiIsInR5cCI6IkpXVCJ9.eyJzdWIiOiIyNzMxM2EyYy1mNzkxLTRhMjMtOWRiZi0wOGM2OTRkODVhZTgiLCJhdWQiOlsiZmFzdGFwaS11c2VyczphdXRoIl19.cUlJhpVlZ3VxkW80YzyJtpgzcoHynyYbBJukjcNE60c', 'referer': 'http://localhost:90/', 'cookie': 'pma_lang=uk', 'sec-fetch-dest': 'empty', 'sec-fetch-mode': 'cors', 'sec-fetch-site': 'same-origin'}))
